Sentence,Cause_Subject,Cause_State,Effect_Subject,Effect_State
The updated curriculum is very stable and teachers reduce their workload.,The updated curriculum,is very stable,teachers,reduce their workload
The new system is fast and reliable and teachers achieve better results.,The new system,is fast and reliable,teachers,achieve better results
The updated curriculum is fast and reliable and students improve their productivity.,The updated curriculum,is fast and reliable,students,improve their productivity
The new system is very stable and students achieve better results.,The new system,is very stable,students,achieve better results
The updated curriculum is very stable and managers reduce their workload.,The updated curriculum,is very stable,managers,reduce their workload
The school's internet connection is highly effective and employees achieve better results.,The school's internet connection,is highly effective,employees,achieve better results
The school's internet connection is fast and reliable and managers reduce their workload.,The school's internet connection,is fast and reliable,managers,reduce their workload
The updated curriculum reduces energy consumption and students can complete their tasks faster.,The updated curriculum,reduces energy consumption,students,can complete their tasks faster
The new system improves efficiency and workers achieve better results.,The new system,improves efficiency,workers,achieve better results
The school's internet connection is very stable and employees can complete their tasks faster.,The school's internet connection,is very stable,employees,can complete their tasks faster
The updated curriculum is fast and reliable and workers achieve better results.,The updated curriculum,is fast and reliable,workers,achieve better results
The school's internet connection is fast and reliable and students can complete their tasks faster.,The school's internet connection,is fast and reliable,students,can complete their tasks faster
The management team reduces energy consumption and managers can focus on learning better.,The management team,reduces energy consumption,managers,can focus on learning better
The new system is very stable and workers improve their productivity.,The new system,is very stable,workers,improve their productivity
The school's internet connection is very stable and teachers can focus on learning better.,The school's internet connection,is very stable,teachers,can focus on learning better
The energy-saving devices improves efficiency and managers achieve better results.,The energy-saving devices,improves efficiency,managers,achieve better results
The new system reduces energy consumption and students can focus on learning better.,The new system,reduces energy consumption,students,can focus on learning better
The updated curriculum is very stable and students reduce their workload.,The updated curriculum,is very stable,students,reduce their workload
The new system improves efficiency and managers can focus on learning better.,The new system,improves efficiency,managers,can focus on learning better
The updated curriculum is fast and reliable and employees achieve better results.,The updated curriculum,is fast and reliable,employees,achieve better results
The energy-saving devices improves efficiency and teachers improve their productivity.,The energy-saving devices,improves efficiency,teachers,improve their productivity
The school's internet connection is highly effective and teachers improve their productivity.,The school's internet connection,is highly effective,teachers,improve their productivity
The energy-saving devices improves efficiency and workers achieve better results.,The energy-saving devices,improves efficiency,workers,achieve better results
The new system is fast and reliable and managers can complete their tasks faster.,The new system,is fast and reliable,managers,can complete their tasks faster
The new system improves efficiency and workers can complete their tasks faster.,The new system,improves efficiency,workers,can complete their tasks faster
The new system is fast and reliable and students can complete their tasks faster.,The new system,is fast and reliable,students,can complete their tasks faster
The management team is fast and reliable and teachers reduce their workload.,The management team,is fast and reliable,teachers,reduce their workload
The energy-saving devices reduces energy consumption and managers reduce their workload.,The energy-saving devices,reduces energy consumption,managers,reduce their workload
The updated curriculum improves efficiency and managers improve their productivity.,The updated curriculum,improves efficiency,managers,improve their productivity
The management team improves efficiency and managers improve their productivity.,The management team,improves efficiency,managers,improve their productivity
The school's internet connection is highly effective and teachers improve their productivity.,The school's internet connection,is highly effective,teachers,improve their productivity
The updated curriculum reduces energy consumption and employees can focus on learning better.,The updated curriculum,reduces energy consumption,employees,can focus on learning better
The energy-saving devices reduces energy consumption and employees reduce their workload.,The energy-saving devices,reduces energy consumption,employees,reduce their workload
The energy-saving devices is highly effective and teachers can complete their tasks faster.,The energy-saving devices,is highly effective,teachers,can complete their tasks faster
The energy-saving devices reduces energy consumption and students can complete their tasks faster.,The energy-saving devices,reduces energy consumption,students,can complete their tasks faster
The new system reduces energy consumption and teachers achieve better results.,The new system,reduces energy consumption,teachers,achieve better results
The management team is very stable and students can complete their tasks faster.,The management team,is very stable,students,can complete their tasks faster
The management team improves efficiency and teachers improve their productivity.,The management team,improves efficiency,teachers,improve their productivity
The energy-saving devices improves efficiency and managers achieve better results.,The energy-saving devices,improves efficiency,managers,achieve better results
The school's internet connection is fast and reliable and employees can complete their tasks faster.,The school's internet connection,is fast and reliable,employees,can complete their tasks faster
The management team improves efficiency and teachers can complete their tasks faster.,The management team,improves efficiency,teachers,can complete their tasks faster
The management team is very stable and teachers can complete their tasks faster.,The management team,is very stable,teachers,can complete their tasks faster
The school's internet connection improves efficiency and workers can focus on learning better.,The school's internet connection,improves efficiency,workers,can focus on learning better
The updated curriculum improves efficiency and managers reduce their workload.,The updated curriculum,improves efficiency,managers,reduce their workload
The new system reduces energy consumption and teachers achieve better results.,The new system,reduces energy consumption,teachers,achieve better results
The management team improves efficiency and students can focus on learning better.,The management team,improves efficiency,students,can focus on learning better
The new system reduces energy consumption and managers reduce their workload.,The new system,reduces energy consumption,managers,reduce their workload
The management team improves efficiency and employees improve their productivity.,The management team,improves efficiency,employees,improve their productivity
The new system improves efficiency and students achieve better results.,The new system,improves efficiency,students,achieve better results
The energy-saving devices reduces energy consumption and employees achieve better results.,The energy-saving devices,reduces energy consumption,employees,achieve better results
The management team reduces energy consumption and employees improve their productivity.,The management team,reduces energy consumption,employees,improve their productivity
The school's internet connection improves efficiency and workers can focus on learning better.,The school's internet connection,improves efficiency,workers,can focus on learning better
The energy-saving devices is highly effective and workers achieve better results.,The energy-saving devices,is highly effective,workers,achieve better results
The energy-saving devices is highly effective and employees improve their productivity.,The energy-saving devices,is highly effective,employees,improve their productivity
The new system improves efficiency and managers can focus on learning better.,The new system,improves efficiency,managers,can focus on learning better
The school's internet connection is fast and reliable and teachers improve their productivity.,The school's internet connection,is fast and reliable,teachers,improve their productivity
The management team improves efficiency and managers reduce their workload.,The management team,improves efficiency,managers,reduce their workload
The new system is highly effective and workers reduce their workload.,The new system,is highly effective,workers,reduce their workload
The updated curriculum is very stable and teachers improve their productivity.,The updated curriculum,is very stable,teachers,improve their productivity
The school's internet connection reduces energy consumption and managers improve their productivity.,The school's internet connection,reduces energy consumption,managers,improve their productivity
The updated curriculum is very stable and students can complete their tasks faster.,The updated curriculum,is very stable,students,can complete their tasks faster
The energy-saving devices is very stable and managers reduce their workload.,The energy-saving devices,is very stable,managers,reduce their workload
The school's internet connection is highly effective and students can complete their tasks faster.,The school's internet connection,is highly effective,students,can complete their tasks faster
The updated curriculum reduces energy consumption and students can focus on learning better.,The updated curriculum,reduces energy consumption,students,can focus on learning better
The new system is highly effective and employees improve their productivity.,The new system,is highly effective,employees,improve their productivity
The management team reduces energy consumption and students can focus on learning better.,The management team,reduces energy consumption,students,can focus on learning better
The energy-saving devices improves efficiency and teachers achieve better results.,The energy-saving devices,improves efficiency,teachers,achieve better results
The updated curriculum improves efficiency and managers reduce their workload.,The updated curriculum,improves efficiency,managers,reduce their workload
The management team improves efficiency and students can focus on learning better.,The management team,improves efficiency,students,can focus on learning better
The updated curriculum improves efficiency and students can focus on learning better.,The updated curriculum,improves efficiency,students,can focus on learning better
The school's internet connection improves efficiency and employees improve their productivity.,The school's internet connection,improves efficiency,employees,improve their productivity
The school's internet connection improves efficiency and workers achieve better results.,The school's internet connection,improves efficiency,workers,achieve better results
The updated curriculum improves efficiency and teachers improve their productivity.,The updated curriculum,improves efficiency,teachers,improve their productivity
The new system is fast and reliable and students can focus on learning better.,The new system,is fast and reliable,students,can focus on learning better
The new system is very stable and students can focus on learning better.,The new system,is very stable,students,can focus on learning better
The updated curriculum improves efficiency and teachers reduce their workload.,The updated curriculum,improves efficiency,teachers,reduce their workload
The updated curriculum is highly effective and students achieve better results.,The updated curriculum,is highly effective,students,achieve better results
The management team is highly effective and workers can complete their tasks faster.,The management team,is highly effective,workers,can complete their tasks faster
The new system improves efficiency and managers can complete their tasks faster.,The new system,improves efficiency,managers,can complete their tasks faster
The management team is fast and reliable and workers can focus on learning better.,The management team,is fast and reliable,workers,can focus on learning better
The updated curriculum improves efficiency and workers can focus on learning better.,The updated curriculum,improves efficiency,workers,can focus on learning better
The updated curriculum is highly effective and employees can focus on learning better.,The updated curriculum,is highly effective,employees,can focus on learning better
The energy-saving devices is very stable and employees can complete their tasks faster.,The energy-saving devices,is very stable,employees,can complete their tasks faster
The new system is very stable and managers achieve better results.,The new system,is very stable,managers,achieve better results
The updated curriculum is fast and reliable and workers can focus on learning better.,The updated curriculum,is fast and reliable,workers,can focus on learning better
The new system is highly effective and teachers can focus on learning better.,The new system,is highly effective,teachers,can focus on learning better
The management team is fast and reliable and students improve their productivity.,The management team,is fast and reliable,students,improve their productivity
The energy-saving devices reduces energy consumption and employees improve their productivity.,The energy-saving devices,reduces energy consumption,employees,improve their productivity
The new system reduces energy consumption and employees improve their productivity.,The new system,reduces energy consumption,employees,improve their productivity
The school's internet connection reduces energy consumption and workers improve their productivity.,The school's internet connection,reduces energy consumption,workers,improve their productivity
The energy-saving devices is fast and reliable and managers achieve better results.,The energy-saving devices,is fast and reliable,managers,achieve better results
The updated curriculum improves efficiency and employees reduce their workload.,The updated curriculum,improves efficiency,employees,reduce their workload
The updated curriculum is highly effective and teachers reduce their workload.,The updated curriculum,is highly effective,teachers,reduce their workload
The school's internet connection is very stable and teachers achieve better results.,The school's internet connection,is very stable,teachers,achieve better results
The energy-saving devices reduces energy consumption and managers can complete their tasks faster.,The energy-saving devices,reduces energy consumption,managers,can complete their tasks faster
The management team is fast and reliable and employees can focus on learning better.,The management team,is fast and reliable,employees,can focus on learning better
The management team reduces energy consumption and workers reduce their workload.,The management team,reduces energy consumption,workers,reduce their workload
The new system improves efficiency and teachers achieve better results.,The new system,improves efficiency,teachers,achieve better results
The energy-saving devices is highly effective and students achieve better results.,The energy-saving devices,is highly effective,students,achieve better results
The new system is very stable and teachers improve their productivity.,The new system,is very stable,teachers,improve their productivity
The school's internet connection is very stable and teachers improve their productivity.,The school's internet connection,is very stable,teachers,improve their productivity
The energy-saving devices is very stable and teachers reduce their workload.,The energy-saving devices,is very stable,teachers,reduce their workload
The new system improves efficiency and employees achieve better results.,The new system,improves efficiency,employees,achieve better results
The energy-saving devices improves efficiency and employees can complete their tasks faster.,The energy-saving devices,improves efficiency,employees,can complete their tasks faster
The school's internet connection is very stable and teachers improve their productivity.,The school's internet connection,is very stable,teachers,improve their productivity
The energy-saving devices improves efficiency and employees achieve better results.,The energy-saving devices,improves efficiency,employees,achieve better results
The management team is highly effective and students achieve better results.,The management team,is highly effective,students,achieve better results
The school's internet connection reduces energy consumption and teachers achieve better results.,The school's internet connection,reduces energy consumption,teachers,achieve better results
The updated curriculum reduces energy consumption and managers can focus on learning better.,The updated curriculum,reduces energy consumption,managers,can focus on learning better
The energy-saving devices reduces energy consumption and students reduce their workload.,The energy-saving devices,reduces energy consumption,students,reduce their workload
The new system is very stable and workers achieve better results.,The new system,is very stable,workers,achieve better results
The energy-saving devices is very stable and students can complete their tasks faster.,The energy-saving devices,is very stable,students,can complete their tasks faster
The energy-saving devices improves efficiency and teachers can focus on learning better.,The energy-saving devices,improves efficiency,teachers,can focus on learning better
The management team reduces energy consumption and employees can complete their tasks faster.,The management team,reduces energy consumption,employees,can complete their tasks faster
The new system is very stable and students reduce their workload.,The new system,is very stable,students,reduce their workload
The management team is fast and reliable and teachers can complete their tasks faster.,The management team,is fast and reliable,teachers,can complete their tasks faster
The energy-saving devices is fast and reliable and students achieve better results.,The energy-saving devices,is fast and reliable,students,achieve better results
The updated curriculum is fast and reliable and students can complete their tasks faster.,The updated curriculum,is fast and reliable,students,can complete their tasks faster
The new system improves efficiency and teachers improve their productivity.,The new system,improves efficiency,teachers,improve their productivity
The updated curriculum is fast and reliable and managers can complete their tasks faster.,The updated curriculum,is fast and reliable,managers,can complete their tasks faster
The new system is highly effective and employees achieve better results.,The new system,is highly effective,employees,achieve better results
The management team reduces energy consumption and teachers achieve better results.,The management team,reduces energy consumption,teachers,achieve better results
The school's internet connection is highly effective and students improve their productivity.,The school's internet connection,is highly effective,students,improve their productivity
The management team is very stable and managers can complete their tasks faster.,The management team,is very stable,managers,can complete their tasks faster
The energy-saving devices improves efficiency and teachers improve their productivity.,The energy-saving devices,improves efficiency,teachers,improve their productivity
The new system is fast and reliable and workers can focus on learning better.,The new system,is fast and reliable,workers,can focus on learning better
The energy-saving devices improves efficiency and managers reduce their workload.,The energy-saving devices,improves efficiency,managers,reduce their workload
The updated curriculum is fast and reliable and students can complete their tasks faster.,The updated curriculum,is fast and reliable,students,can complete their tasks faster
The school's internet connection reduces energy consumption and employees achieve better results.,The school's internet connection,reduces energy consumption,employees,achieve better results
The school's internet connection is highly effective and students improve their productivity.,The school's internet connection,is highly effective,students,improve their productivity
The school's internet connection is fast and reliable and managers improve their productivity.,The school's internet connection,is fast and reliable,managers,improve their productivity
The updated curriculum reduces energy consumption and workers can complete their tasks faster.,The updated curriculum,reduces energy consumption,workers,can complete their tasks faster
The school's internet connection is highly effective and teachers achieve better results.,The school's internet connection,is highly effective,teachers,achieve better results
The school's internet connection improves efficiency and teachers improve their productivity.,The school's internet connection,improves efficiency,teachers,improve their productivity
The updated curriculum improves efficiency and employees can focus on learning better.,The updated curriculum,improves efficiency,employees,can focus on learning better
The school's internet connection is highly effective and employees can complete their tasks faster.,The school's internet connection,is highly effective,employees,can complete their tasks faster
The new system is highly effective and students achieve better results.,The new system,is highly effective,students,achieve better results
The school's internet connection is fast and reliable and students can focus on learning better.,The school's internet connection,is fast and reliable,students,can focus on learning better
The management team is highly effective and students improve their productivity.,The management team,is highly effective,students,improve their productivity
The energy-saving devices improves efficiency and managers achieve better results.,The energy-saving devices,improves efficiency,managers,achieve better results
The school's internet connection improves efficiency and managers can focus on learning better.,The school's internet connection,improves efficiency,managers,can focus on learning better
The new system is highly effective and teachers reduce their workload.,The new system,is highly effective,teachers,reduce their workload
The updated curriculum reduces energy consumption and workers improve their productivity.,The updated curriculum,reduces energy consumption,workers,improve their productivity
The updated curriculum improves efficiency and teachers reduce their workload.,The updated curriculum,improves efficiency,teachers,reduce their workload
The school's internet connection is highly effective and managers can complete their tasks faster.,The school's internet connection,is highly effective,managers,can complete their tasks faster
The energy-saving devices improves efficiency and employees improve their productivity.,The energy-saving devices,improves efficiency,employees,improve their productivity
The energy-saving devices is very stable and managers reduce their workload.,The energy-saving devices,is very stable,managers,reduce their workload
The school's internet connection is highly effective and managers reduce their workload.,The school's internet connection,is highly effective,managers,reduce their workload
The updated curriculum is very stable and teachers can focus on learning better.,The updated curriculum,is very stable,teachers,can focus on learning better
The new system is very stable and employees can focus on learning better.,The new system,is very stable,employees,can focus on learning better
The new system is fast and reliable and employees achieve better results.,The new system,is fast and reliable,employees,achieve better results
The management team is very stable and workers can focus on learning better.,The management team,is very stable,workers,can focus on learning better
The school's internet connection improves efficiency and teachers reduce their workload.,The school's internet connection,improves efficiency,teachers,reduce their workload
The management team is very stable and teachers can complete their tasks faster.,The management team,is very stable,teachers,can complete their tasks faster
The school's internet connection reduces energy consumption and teachers improve their productivity.,The school's internet connection,reduces energy consumption,teachers,improve their productivity
The updated curriculum is fast and reliable and employees improve their productivity.,The updated curriculum,is fast and reliable,employees,improve their productivity
The energy-saving devices is fast and reliable and teachers reduce their workload.,The energy-saving devices,is fast and reliable,teachers,reduce their workload
The management team is fast and reliable and employees can focus on learning better.,The management team,is fast and reliable,employees,can focus on learning better
The new system is highly effective and workers achieve better results.,The new system,is highly effective,workers,achieve better results
The updated curriculum reduces energy consumption and workers can complete their tasks faster.,The updated curriculum,reduces energy consumption,workers,can complete their tasks faster
The new system improves efficiency and employees improve their productivity.,The new system,improves efficiency,employees,improve their productivity
The updated curriculum is very stable and teachers improve their productivity.,The updated curriculum,is very stable,teachers,improve their productivity
The updated curriculum reduces energy consumption and students improve their productivity.,The updated curriculum,reduces energy consumption,students,improve their productivity
The management team improves efficiency and workers improve their productivity.,The management team,improves efficiency,workers,improve their productivity
The new system is highly effective and students improve their productivity.,The new system,is highly effective,students,improve their productivity
The updated curriculum is highly effective and students can focus on learning better.,The updated curriculum,is highly effective,students,can focus on learning better
The updated curriculum improves efficiency and students can focus on learning better.,The updated curriculum,improves efficiency,students,can focus on learning better
The updated curriculum improves efficiency and students reduce their workload.,The updated curriculum,improves efficiency,students,reduce their workload
The school's internet connection improves efficiency and students achieve better results.,The school's internet connection,improves efficiency,students,achieve better results
The school's internet connection reduces energy consumption and workers reduce their workload.,The school's internet connection,reduces energy consumption,workers,reduce their workload
The school's internet connection improves efficiency and students reduce their workload.,The school's internet connection,improves efficiency,students,reduce their workload
The management team is fast and reliable and employees can focus on learning better.,The management team,is fast and reliable,employees,can focus on learning better
The new system is highly effective and teachers achieve better results.,The new system,is highly effective,teachers,achieve better results
The energy-saving devices improves efficiency and students achieve better results.,The energy-saving devices,improves efficiency,students,achieve better results
The school's internet connection reduces energy consumption and teachers reduce their workload.,The school's internet connection,reduces energy consumption,teachers,reduce their workload
The new system reduces energy consumption and managers improve their productivity.,The new system,reduces energy consumption,managers,improve their productivity
The updated curriculum is fast and reliable and workers reduce their workload.,The updated curriculum,is fast and reliable,workers,reduce their workload
The management team is very stable and students can focus on learning better.,The management team,is very stable,students,can focus on learning better
The management team reduces energy consumption and workers achieve better results.,The management team,reduces energy consumption,workers,achieve better results
The school's internet connection improves efficiency and managers can focus on learning better.,The school's internet connection,improves efficiency,managers,can focus on learning better
The school's internet connection is very stable and teachers achieve better results.,The school's internet connection,is very stable,teachers,achieve better results
The updated curriculum is fast and reliable and teachers achieve better results.,The updated curriculum,is fast and reliable,teachers,achieve better results
The updated curriculum is fast and reliable and managers reduce their workload.,The updated curriculum,is fast and reliable,managers,reduce their workload
The updated curriculum is very stable and employees can complete their tasks faster.,The updated curriculum,is very stable,employees,can complete their tasks faster
The school's internet connection reduces energy consumption and workers can complete their tasks faster.,The school's internet connection,reduces energy consumption,workers,can complete their tasks faster
The new system is fast and reliable and managers can focus on learning better.,The new system,is fast and reliable,managers,can focus on learning better
The new system is highly effective and employees improve their productivity.,The new system,is highly effective,employees,improve their productivity
The new system is fast and reliable and employees improve their productivity.,The new system,is fast and reliable,employees,improve their productivity
The new system is highly effective and managers reduce their workload.,The new system,is highly effective,managers,reduce their workload
The new system is highly effective and teachers can focus on learning better.,The new system,is highly effective,teachers,can focus on learning better
The school's internet connection improves efficiency and managers achieve better results.,The school's internet connection,improves efficiency,managers,achieve better results
The new system is highly effective and teachers can complete their tasks faster.,The new system,is highly effective,teachers,can complete their tasks faster
The energy-saving devices is fast and reliable and workers reduce their workload.,The energy-saving devices,is fast and reliable,workers,reduce their workload
The school's internet connection reduces energy consumption and employees improve their productivity.,The school's internet connection,reduces energy consumption,employees,improve their productivity
The school's internet connection reduces energy consumption and managers improve their productivity.,The school's internet connection,reduces energy consumption,managers,improve their productivity
The management team is very stable and employees achieve better results.,The management team,is very stable,employees,achieve better results
The management team improves efficiency and students can complete their tasks faster.,The management team,improves efficiency,students,can complete their tasks faster
The energy-saving devices is fast and reliable and employees reduce their workload.,The energy-saving devices,is fast and reliable,employees,reduce their workload
The updated curriculum is fast and reliable and managers reduce their workload.,The updated curriculum,is fast and reliable,managers,reduce their workload
The energy-saving devices reduces energy consumption and managers achieve better results.,The energy-saving devices,reduces energy consumption,managers,achieve better results
The school's internet connection is highly effective and teachers reduce their workload.,The school's internet connection,is highly effective,teachers,reduce their workload
The new system improves efficiency and managers achieve better results.,The new system,improves efficiency,managers,achieve better results
The management team is highly effective and managers improve their productivity.,The management team,is highly effective,managers,improve their productivity
The energy-saving devices is very stable and students improve their productivity.,The energy-saving devices,is very stable,students,improve their productivity
The school's internet connection improves efficiency and workers reduce their workload.,The school's internet connection,improves efficiency,workers,reduce their workload
The updated curriculum reduces energy consumption and teachers reduce their workload.,The updated curriculum,reduces energy consumption,teachers,reduce their workload
The updated curriculum is highly effective and workers can complete their tasks faster.,The updated curriculum,is highly effective,workers,can complete their tasks faster
The new system is very stable and teachers achieve better results.,The new system,is very stable,teachers,achieve better results
The management team is very stable and employees reduce their workload.,The management team,is very stable,employees,reduce their workload
The management team improves efficiency and managers can focus on learning better.,The management team,improves efficiency,managers,can focus on learning better
The updated curriculum reduces energy consumption and managers can focus on learning better.,The updated curriculum,reduces energy consumption,managers,can focus on learning better
The new system is very stable and employees improve their productivity.,The new system,is very stable,employees,improve their productivity
The school's internet connection is highly effective and managers can complete their tasks faster.,The school's internet connection,is highly effective,managers,can complete their tasks faster
The school's internet connection is fast and reliable and workers improve their productivity.,The school's internet connection,is fast and reliable,workers,improve their productivity
The school's internet connection is highly effective and workers achieve better results.,The school's internet connection,is highly effective,workers,achieve better results
The school's internet connection is very stable and employees reduce their workload.,The school's internet connection,is very stable,employees,reduce their workload
The new system is very stable and employees reduce their workload.,The new system,is very stable,employees,reduce their workload
The school's internet connection is fast and reliable and managers can complete their tasks faster.,The school's internet connection,is fast and reliable,managers,can complete their tasks faster
The school's internet connection improves efficiency and students can complete their tasks faster.,The school's internet connection,improves efficiency,students,can complete their tasks faster
The updated curriculum reduces energy consumption and teachers can complete their tasks faster.,The updated curriculum,reduces energy consumption,teachers,can complete their tasks faster
The energy-saving devices is very stable and workers can complete their tasks faster.,The energy-saving devices,is very stable,workers,can complete their tasks faster
The energy-saving devices is highly effective and managers can complete their tasks faster.,The energy-saving devices,is highly effective,managers,can complete their tasks faster
The management team reduces energy consumption and managers reduce their workload.,The management team,reduces energy consumption,managers,reduce their workload
The energy-saving devices improves efficiency and teachers can focus on learning better.,The energy-saving devices,improves efficiency,teachers,can focus on learning better
The management team is highly effective and managers can complete their tasks faster.,The management team,is highly effective,managers,can complete their tasks faster
The updated curriculum reduces energy consumption and workers improve their productivity.,The updated curriculum,reduces energy consumption,workers,improve their productivity
The management team is fast and reliable and teachers achieve better results.,The management team,is fast and reliable,teachers,achieve better results
The management team improves efficiency and students can focus on learning better.,The management team,improves efficiency,students,can focus on learning better
The management team is fast and reliable and teachers improve their productivity.,The management team,is fast and reliable,teachers,improve their productivity
The school's internet connection is highly effective and employees improve their productivity.,The school's internet connection,is highly effective,employees,improve their productivity
The updated curriculum reduces energy consumption and employees can complete their tasks faster.,The updated curriculum,reduces energy consumption,employees,can complete their tasks faster
The updated curriculum reduces energy consumption and teachers improve their productivity.,The updated curriculum,reduces energy consumption,teachers,improve their productivity
The school's internet connection is very stable and employees can focus on learning better.,The school's internet connection,is very stable,employees,can focus on learning better
The energy-saving devices is highly effective and employees achieve better results.,The energy-saving devices,is highly effective,employees,achieve better results
The new system is highly effective and managers improve their productivity.,The new system,is highly effective,managers,improve their productivity
The management team is highly effective and teachers reduce their workload.,The management team,is highly effective,teachers,reduce their workload
The management team improves efficiency and managers can focus on learning better.,The management team,improves efficiency,managers,can focus on learning better
The school's internet connection is very stable and managers achieve better results.,The school's internet connection,is very stable,managers,achieve better results
The management team is very stable and workers improve their productivity.,The management team,is very stable,workers,improve their productivity
The updated curriculum is very stable and teachers achieve better results.,The updated curriculum,is very stable,teachers,achieve better results
The management team is fast and reliable and students improve their productivity.,The management team,is fast and reliable,students,improve their productivity
The updated curriculum is highly effective and students improve their productivity.,The updated curriculum,is highly effective,students,improve their productivity
The energy-saving devices reduces energy consumption and managers can focus on learning better.,The energy-saving devices,reduces energy consumption,managers,can focus on learning better
The management team reduces energy consumption and teachers can focus on learning better.,The management team,reduces energy consumption,teachers,can focus on learning better
The management team is fast and reliable and workers improve their productivity.,The management team,is fast and reliable,workers,improve their productivity
The management team improves efficiency and managers reduce their workload.,The management team,improves efficiency,managers,reduce their workload
The updated curriculum reduces energy consumption and managers reduce their workload.,The updated curriculum,reduces energy consumption,managers,reduce their workload
The updated curriculum is highly effective and workers can complete their tasks faster.,The updated curriculum,is highly effective,workers,can complete their tasks faster
The new system is very stable and managers improve their productivity.,The new system,is very stable,managers,improve their productivity
The new system reduces energy consumption and managers can focus on learning better.,The new system,reduces energy consumption,managers,can focus on learning better
The management team improves efficiency and employees reduce their workload.,The management team,improves efficiency,employees,reduce their workload
The new system improves efficiency and teachers improve their productivity.,The new system,improves efficiency,teachers,improve their productivity
The energy-saving devices is highly effective and teachers can focus on learning better.,The energy-saving devices,is highly effective,teachers,can focus on learning better
The new system is highly effective and workers can complete their tasks faster.,The new system,is highly effective,workers,can complete their tasks faster
The new system reduces energy consumption and workers reduce their workload.,The new system,reduces energy consumption,workers,reduce their workload
The management team is fast and reliable and students reduce their workload.,The management team,is fast and reliable,students,reduce their workload
The updated curriculum is highly effective and employees reduce their workload.,The updated curriculum,is highly effective,employees,reduce their workload
The school's internet connection is very stable and workers improve their productivity.,The school's internet connection,is very stable,workers,improve their productivity
The management team is very stable and managers can focus on learning better.,The management team,is very stable,managers,can focus on learning better
The updated curriculum reduces energy consumption and teachers reduce their workload.,The updated curriculum,reduces energy consumption,teachers,reduce their workload
The updated curriculum is very stable and students can complete their tasks faster.,The updated curriculum,is very stable,students,can complete their tasks faster
The school's internet connection is fast and reliable and workers reduce their workload.,The school's internet connection,is fast and reliable,workers,reduce their workload
The new system improves efficiency and managers can complete their tasks faster.,The new system,improves efficiency,managers,can complete their tasks faster
The updated curriculum is fast and reliable and workers can focus on learning better.,The updated curriculum,is fast and reliable,workers,can focus on learning better
The school's internet connection reduces energy consumption and workers achieve better results.,The school's internet connection,reduces energy consumption,workers,achieve better results
The management team is highly effective and workers can complete their tasks faster.,The management team,is highly effective,workers,can complete their tasks faster
The energy-saving devices is fast and reliable and students achieve better results.,The energy-saving devices,is fast and reliable,students,achieve better results
The new system is fast and reliable and teachers can complete their tasks faster.,The new system,is fast and reliable,teachers,can complete their tasks faster
The new system is fast and reliable and managers can complete their tasks faster.,The new system,is fast and reliable,managers,can complete their tasks faster
The updated curriculum improves efficiency and students can focus on learning better.,The updated curriculum,improves efficiency,students,can focus on learning better
The new system is very stable and employees reduce their workload.,The new system,is very stable,employees,reduce their workload
The school's internet connection is very stable and employees reduce their workload.,The school's internet connection,is very stable,employees,reduce their workload
The school's internet connection is fast and reliable and employees can complete their tasks faster.,The school's internet connection,is fast and reliable,employees,can complete their tasks faster
The energy-saving devices reduces energy consumption and workers can focus on learning better.,The energy-saving devices,reduces energy consumption,workers,can focus on learning better
The new system improves efficiency and employees achieve better results.,The new system,improves efficiency,employees,achieve better results
The updated curriculum reduces energy consumption and students can focus on learning better.,The updated curriculum,reduces energy consumption,students,can focus on learning better
The school's internet connection improves efficiency and employees reduce their workload.,The school's internet connection,improves efficiency,employees,reduce their workload
The management team reduces energy consumption and teachers achieve better results.,The management team,reduces energy consumption,teachers,achieve better results
The new system is fast and reliable and employees improve their productivity.,The new system,is fast and reliable,employees,improve their productivity
The updated curriculum is fast and reliable and students reduce their workload.,The updated curriculum,is fast and reliable,students,reduce their workload
The energy-saving devices is very stable and employees improve their productivity.,The energy-saving devices,is very stable,employees,improve their productivity
The updated curriculum is very stable and workers can focus on learning better.,The updated curriculum,is very stable,workers,can focus on learning better
The management team is highly effective and workers improve their productivity.,The management team,is highly effective,workers,improve their productivity
The energy-saving devices is fast and reliable and students achieve better results.,The energy-saving devices,is fast and reliable,students,achieve better results
The updated curriculum is very stable and managers improve their productivity.,The updated curriculum,is very stable,managers,improve their productivity
The energy-saving devices improves efficiency and students can complete their tasks faster.,The energy-saving devices,improves efficiency,students,can complete their tasks faster
The energy-saving devices improves efficiency and managers achieve better results.,The energy-saving devices,improves efficiency,managers,achieve better results
The new system reduces energy consumption and students achieve better results.,The new system,reduces energy consumption,students,achieve better results
The energy-saving devices is very stable and managers improve their productivity.,The energy-saving devices,is very stable,managers,improve their productivity
The new system reduces energy consumption and workers reduce their workload.,The new system,reduces energy consumption,workers,reduce their workload
The management team is fast and reliable and teachers achieve better results.,The management team,is fast and reliable,teachers,achieve better results
The new system is fast and reliable and employees improve their productivity.,The new system,is fast and reliable,employees,improve their productivity
The new system is fast and reliable and teachers improve their productivity.,The new system,is fast and reliable,teachers,improve their productivity
The updated curriculum is highly effective and managers reduce their workload.,The updated curriculum,is highly effective,managers,reduce their workload
The updated curriculum is highly effective and workers can complete their tasks faster.,The updated curriculum,is highly effective,workers,can complete their tasks faster
The updated curriculum improves efficiency and teachers can focus on learning better.,The updated curriculum,improves efficiency,teachers,can focus on learning better
The updated curriculum improves efficiency and employees achieve better results.,The updated curriculum,improves efficiency,employees,achieve better results
The updated curriculum is very stable and students reduce their workload.,The updated curriculum,is very stable,students,reduce their workload
The school's internet connection is highly effective and employees can complete their tasks faster.,The school's internet connection,is highly effective,employees,can complete their tasks faster
The updated curriculum is very stable and managers can complete their tasks faster.,The updated curriculum,is very stable,managers,can complete their tasks faster
The school's internet connection is very stable and students reduce their workload.,The school's internet connection,is very stable,students,reduce their workload
The management team is very stable and employees reduce their workload.,The management team,is very stable,employees,reduce their workload
The updated curriculum is highly effective and employees reduce their workload.,The updated curriculum,is highly effective,employees,reduce their workload
The new system is highly effective and workers reduce their workload.,The new system,is highly effective,workers,reduce their workload
The new system is highly effective and students can complete their tasks faster.,The new system,is highly effective,students,can complete their tasks faster
The new system is fast and reliable and managers improve their productivity.,The new system,is fast and reliable,managers,improve their productivity
The management team improves efficiency and managers reduce their workload.,The management team,improves efficiency,managers,reduce their workload
The energy-saving devices improves efficiency and students improve their productivity.,The energy-saving devices,improves efficiency,students,improve their productivity
The energy-saving devices is highly effective and managers can focus on learning better.,The energy-saving devices,is highly effective,managers,can focus on learning better
The school's internet connection improves efficiency and employees can focus on learning better.,The school's internet connection,improves efficiency,employees,can focus on learning better
The new system is fast and reliable and managers reduce their workload.,The new system,is fast and reliable,managers,reduce their workload
The new system is fast and reliable and managers achieve better results.,The new system,is fast and reliable,managers,achieve better results
The school's internet connection improves efficiency and students reduce their workload.,The school's internet connection,improves efficiency,students,reduce their workload
The school's internet connection is highly effective and managers can complete their tasks faster.,The school's internet connection,is highly effective,managers,can complete their tasks faster
The school's internet connection reduces energy consumption and managers can complete their tasks faster.,The school's internet connection,reduces energy consumption,managers,can complete their tasks faster
The updated curriculum is fast and reliable and managers can focus on learning better.,The updated curriculum,is fast and reliable,managers,can focus on learning better
The energy-saving devices is very stable and employees can complete their tasks faster.,The energy-saving devices,is very stable,employees,can complete their tasks faster
The management team reduces energy consumption and workers improve their productivity.,The management team,reduces energy consumption,workers,improve their productivity
The new system is fast and reliable and workers can complete their tasks faster.,The new system,is fast and reliable,workers,can complete their tasks faster
The management team is highly effective and managers can focus on learning better.,The management team,is highly effective,managers,can focus on learning better
The new system is very stable and students can focus on learning better.,The new system,is very stable,students,can focus on learning better
The energy-saving devices is fast and reliable and employees achieve better results.,The energy-saving devices,is fast and reliable,employees,achieve better results
The management team is fast and reliable and managers can focus on learning better.,The management team,is fast and reliable,managers,can focus on learning better
The new system is highly effective and employees improve their productivity.,The new system,is highly effective,employees,improve their productivity
The updated curriculum is highly effective and managers improve their productivity.,The updated curriculum,is highly effective,managers,improve their productivity
The school's internet connection is highly effective and managers can focus on learning better.,The school's internet connection,is highly effective,managers,can focus on learning better
The energy-saving devices improves efficiency and workers achieve better results.,The energy-saving devices,improves efficiency,workers,achieve better results
The school's internet connection improves efficiency and managers improve their productivity.,The school's internet connection,improves efficiency,managers,improve their productivity
The management team improves efficiency and workers improve their productivity.,The management team,improves efficiency,workers,improve their productivity
The management team improves efficiency and workers improve their productivity.,The management team,improves efficiency,workers,improve their productivity
The school's internet connection improves efficiency and employees reduce their workload.,The school's internet connection,improves efficiency,employees,reduce their workload
The new system is very stable and managers achieve better results.,The new system,is very stable,managers,achieve better results
The management team is fast and reliable and workers can complete their tasks faster.,The management team,is fast and reliable,workers,can complete their tasks faster
The new system is very stable and employees reduce their workload.,The new system,is very stable,employees,reduce their workload
The energy-saving devices improves efficiency and managers can complete their tasks faster.,The energy-saving devices,improves efficiency,managers,can complete their tasks faster
The updated curriculum reduces energy consumption and employees reduce their workload.,The updated curriculum,reduces energy consumption,employees,reduce their workload
The energy-saving devices is very stable and students can focus on learning better.,The energy-saving devices,is very stable,students,can focus on learning better
The management team reduces energy consumption and managers reduce their workload.,The management team,reduces energy consumption,managers,reduce their workload
The management team improves efficiency and teachers can focus on learning better.,The management team,improves efficiency,teachers,can focus on learning better
The new system is fast and reliable and workers reduce their workload.,The new system,is fast and reliable,workers,reduce their workload
The school's internet connection is very stable and employees reduce their workload.,The school's internet connection,is very stable,employees,reduce their workload
The energy-saving devices improves efficiency and students achieve better results.,The energy-saving devices,improves efficiency,students,achieve better results
The updated curriculum is fast and reliable and workers improve their productivity.,The updated curriculum,is fast and reliable,workers,improve their productivity
The energy-saving devices improves efficiency and teachers achieve better results.,The energy-saving devices,improves efficiency,teachers,achieve better results
The management team improves efficiency and managers improve their productivity.,The management team,improves efficiency,managers,improve their productivity
The energy-saving devices improves efficiency and teachers improve their productivity.,The energy-saving devices,improves efficiency,teachers,improve their productivity
The school's internet connection is fast and reliable and students achieve better results.,The school's internet connection,is fast and reliable,students,achieve better results
The energy-saving devices improves efficiency and workers improve their productivity.,The energy-saving devices,improves efficiency,workers,improve their productivity
The management team is fast and reliable and managers reduce their workload.,The management team,is fast and reliable,managers,reduce their workload
The energy-saving devices reduces energy consumption and employees achieve better results.,The energy-saving devices,reduces energy consumption,employees,achieve better results
The management team is very stable and managers can complete their tasks faster.,The management team,is very stable,managers,can complete their tasks faster
The management team reduces energy consumption and teachers can focus on learning better.,The management team,reduces energy consumption,teachers,can focus on learning better
The new system is fast and reliable and students can focus on learning better.,The new system,is fast and reliable,students,can focus on learning better
The management team is fast and reliable and managers reduce their workload.,The management team,is fast and reliable,managers,reduce their workload
The management team is fast and reliable and students improve their productivity.,The management team,is fast and reliable,students,improve their productivity
The energy-saving devices is highly effective and employees can complete their tasks faster.,The energy-saving devices,is highly effective,employees,can complete their tasks faster
The new system reduces energy consumption and workers achieve better results.,The new system,reduces energy consumption,workers,achieve better results
The management team is very stable and teachers improve their productivity.,The management team,is very stable,teachers,improve their productivity
The new system improves efficiency and students achieve better results.,The new system,improves efficiency,students,achieve better results
The energy-saving devices is fast and reliable and teachers can complete their tasks faster.,The energy-saving devices,is fast and reliable,teachers,can complete their tasks faster
The new system is highly effective and teachers can complete their tasks faster.,The new system,is highly effective,teachers,can complete their tasks faster
The school's internet connection is very stable and workers can focus on learning better.,The school's internet connection,is very stable,workers,can focus on learning better
The management team is very stable and workers can complete their tasks faster.,The management team,is very stable,workers,can complete their tasks faster
The energy-saving devices is very stable and managers can complete their tasks faster.,The energy-saving devices,is very stable,managers,can complete their tasks faster
The updated curriculum is fast and reliable and teachers can complete their tasks faster.,The updated curriculum,is fast and reliable,teachers,can complete their tasks faster
The energy-saving devices is highly effective and teachers achieve better results.,The energy-saving devices,is highly effective,teachers,achieve better results
The new system is very stable and teachers can focus on learning better.,The new system,is very stable,teachers,can focus on learning better
The energy-saving devices is fast and reliable and students achieve better results.,The energy-saving devices,is fast and reliable,students,achieve better results
The new system reduces energy consumption and workers can focus on learning better.,The new system,reduces energy consumption,workers,can focus on learning better
The school's internet connection is fast and reliable and teachers can complete their tasks faster.,The school's internet connection,is fast and reliable,teachers,can complete their tasks faster
The school's internet connection improves efficiency and students can complete their tasks faster.,The school's internet connection,improves efficiency,students,can complete their tasks faster
The management team is fast and reliable and workers improve their productivity.,The management team,is fast and reliable,workers,improve their productivity
The energy-saving devices improves efficiency and students improve their productivity.,The energy-saving devices,improves efficiency,students,improve their productivity
The energy-saving devices is very stable and teachers achieve better results.,The energy-saving devices,is very stable,teachers,achieve better results
The energy-saving devices is very stable and employees improve their productivity.,The energy-saving devices,is very stable,employees,improve their productivity
The school's internet connection is very stable and managers achieve better results.,The school's internet connection,is very stable,managers,achieve better results
The energy-saving devices is highly effective and teachers improve their productivity.,The energy-saving devices,is highly effective,teachers,improve their productivity
The energy-saving devices is fast and reliable and managers achieve better results.,The energy-saving devices,is fast and reliable,managers,achieve better results
The management team is very stable and employees achieve better results.,The management team,is very stable,employees,achieve better results
The school's internet connection is very stable and workers improve their productivity.,The school's internet connection,is very stable,workers,improve their productivity
The management team is highly effective and managers reduce their workload.,The management team,is highly effective,managers,reduce their workload
The management team reduces energy consumption and students improve their productivity.,The management team,reduces energy consumption,students,improve their productivity
The school's internet connection improves efficiency and teachers achieve better results.,The school's internet connection,improves efficiency,teachers,achieve better results
The energy-saving devices reduces energy consumption and employees reduce their workload.,The energy-saving devices,reduces energy consumption,employees,reduce their workload
The energy-saving devices reduces energy consumption and managers reduce their workload.,The energy-saving devices,reduces energy consumption,managers,reduce their workload
The school's internet connection is very stable and students reduce their workload.,The school's internet connection,is very stable,students,reduce their workload
The updated curriculum is highly effective and managers can complete their tasks faster.,The updated curriculum,is highly effective,managers,can complete their tasks faster
The management team is very stable and students can complete their tasks faster.,The management team,is very stable,students,can complete their tasks faster
The updated curriculum is fast and reliable and students reduce their workload.,The updated curriculum,is fast and reliable,students,reduce their workload
The updated curriculum is very stable and managers can focus on learning better.,The updated curriculum,is very stable,managers,can focus on learning better
The energy-saving devices reduces energy consumption and teachers achieve better results.,The energy-saving devices,reduces energy consumption,teachers,achieve better results
The new system is fast and reliable and managers achieve better results.,The new system,is fast and reliable,managers,achieve better results
The updated curriculum is fast and reliable and teachers improve their productivity.,The updated curriculum,is fast and reliable,teachers,improve their productivity
The school's internet connection is very stable and students improve their productivity.,The school's internet connection,is very stable,students,improve their productivity
The management team improves efficiency and teachers reduce their workload.,The management team,improves efficiency,teachers,reduce their workload
The management team reduces energy consumption and workers achieve better results.,The management team,reduces energy consumption,workers,achieve better results
The energy-saving devices is highly effective and managers achieve better results.,The energy-saving devices,is highly effective,managers,achieve better results
The energy-saving devices reduces energy consumption and managers improve their productivity.,The energy-saving devices,reduces energy consumption,managers,improve their productivity
The school's internet connection is very stable and teachers can focus on learning better.,The school's internet connection,is very stable,teachers,can focus on learning better
The energy-saving devices is fast and reliable and students can complete their tasks faster.,The energy-saving devices,is fast and reliable,students,can complete their tasks faster
